id,emotion
1,0
2,1
3,0
4,6
5,3
6,3
7,2
8,4
9,3
10,5
11,3
12,0
13,2
14,2
15,6
16,5
17,5
18,5
19,5
20,3
21,6
22,5
23,6
24,4
25,0
26,4
27,4
28,3
29,0
30,5
31,3
32,6
33,3
34,6
35,6
36,2
37,0
38,2
39,6
40,3
41,0
42,4
43,0
44,0
45,6
46,0
47,5
48,3
49,5
50,6
51,6
52,3
53,5
54,3
55,3
56,3
57,2
58,4
59,5
60,2
61,6
62,3
63,2
64,5
65,5
66,3
67,2
68,6
69,2
70,2
71,6
72,5
73,3
74,3
75,3
76,6
77,5
78,4
79,4
80,3
81,4
82,0
83,0
84,3
85,5
86,0
87,3
88,3
89,5
90,3
91,6
92,0
93,2
94,6
95,0
96,4
97,5
98,3
99,3
100,0
101,3
102,6
103,0
104,3
105,5
106,3
107,6
108,6
109,5
110,3
111,3
112,0
113,2
114,6
115,3
116,2
117,3
118,6
119,2
120,3
121,5
122,0
123,0
124,2
125,4
126,6
127,0
128,6
129,3
130,5
131,2
132,6
133,2
134,6
135,5
136,5
137,5
138,3
139,6
140,6
141,6
142,3
143,0
144,4
145,2
146,4
147,3
148,3
149,3
150,2
151,4
152,0
153,5
154,3
155,5
156,5
157,4
158,5
159,0
160,3
161,4
162,3
163,3
164,3
165,6
166,6
167,6
168,0
169,5
170,3
171,6
172,2
173,5
174,6
175,0
176,6
177,0
178,2
179,6
180,5
181,6
182,3
183,2
184,3
185,3
186,0
187,4
188,3
189,3
190,3
191,2
192,0
193,5
194,2
195,3
196,4
197,5
198,6
199,0
200,0
201,3
202,3
203,3
204,3
205,3
206,5
207,4
208,4
209,2
210,2
211,6
212,1
213,0
214,0
215,6
216,2
217,5
218,4
219,0
220,3
221,3
222,4
223,5
224,6
225,0
226,3
227,5
228,0
229,0
230,3
231,4
232,0
233,5
234,0
235,4
236,4
237,3
238,4
239,0
240,6
241,3
242,6
243,6
244,0
245,1
246,3
247,3
248,3
249,0
250,2
251,6
252,2
253,6
254,2
255,3
256,6
257,5
258,4
259,2
260,6
261,0
262,0
263,0
264,6
265,4
266,0
267,5
268,3
269,3
270,4
271,4
272,4
273,0
274,3
275,5
276,3
277,4
278,2
279,1
280,0
281,3
282,5
283,6
284,2
285,0
286,2
287,0
288,0
289,2
290,6
291,5
292,3
293,6
294,2
295,3
296,3
297,2
298,6
299,6
300,3
301,4
302,5
303,2
304,3
305,2
306,3
307,5
308,3
309,3
310,3
311,3
312,6
313,6
314,6
315,1
316,3
317,4
318,2
319,2
320,3
321,4
322,4
323,3
324,6
325,6
326,0
327,4
328,3
329,3
330,5
331,3
332,3
333,0
334,3
335,3
336,3
337,2
338,4
339,0
340,4
341,4
342,5
343,4
344,4
345,6
346,6
347,3
348,3
349,4
350,0
351,4
352,0
353,6
354,3
355,6
356,4
357,3
358,4
359,3
360,2
361,2
362,2
363,3
364,4
365,5
366,3
367,3
368,3
369,2
370,4
371,3
372,6
373,4
374,4
375,4
376,2
377,2
378,5
379,3
380,4
381,6
382,2
383,3
384,4
385,3
386,6
387,3
388,5
389,0
390,0
391,0
392,0
393,3
394,2
395,0
396,5
397,4
398,6
399,6
400,0
401,0
402,5
403,3
404,3
405,2
406,6
407,5
408,5
409,5
410,5
411,4
412,5
413,4
414,3
415,3
416,6
417,6
418,0
419,5
420,4
421,6
422,3
423,5
424,4
425,6
426,0
427,3
428,3
429,3
430,4
431,5
432,4
433,2
434,6
435,6
436,6
437,6
438,2
439,3
440,0
441,6
442,0
443,6
444,2
445,2
446,4
447,0
448,3
449,0
450,1
451,4
452,3
453,0
454,4
455,4
456,5
457,2
458,4
459,0
460,6
461,5
462,5
463,0
464,3
465,6
466,6
467,2
468,3
469,3
470,2
471,3
472,5
473,2
474,2
475,6
476,1
477,3
478,6
479,4
480,4
481,0
482,6
483,6
484,1
485,0
486,2
487,6
488,5
489,3
490,3
491,2
492,6
493,3
494,0
495,4
496,4
497,6
498,5
499,4
500,5
501,6
502,4
503,3
504,0
505,0
506,3
507,2
508,6
509,5
510,4
511,2
512,3
513,0
514,3
515,5
516,3
517,5
518,4
519,0
520,6
521,3
522,0
523,6
524,6
525,3
526,6
527,3
528,5
529,4
530,0
531,0
532,4
533,5
534,5
535,0
536,6
537,6
538,6
539,5
540,3
541,4
542,3
543,6
544,0
545,4
546,0
547,3
548,3
549,3
550,3
551,0
552,2
553,2
554,2
555,0
556,4
557,0
558,0
559,6
560,4
561,1
562,4
563,5
564,0
565,2
566,5
567,0
568,5
569,4
570,0
571,6
572,3
573,6
574,6
575,2
576,2
577,0
578,3
579,2
580,5
581,4
582,3
583,2
584,3
585,5
586,4
587,4
588,5
589,6
590,2
591,6
592,3
593,4
594,6
595,3
596,6
597,2
598,4
599,4
600,4
601,1
602,5
603,6
604,6
605,3
606,4
607,0
608,4
609,6
610,4
611,6
612,5
613,3
614,4
615,5
616,6
617,0
618,6
619,4
620,2
621,3
622,6
623,6
624,3
625,3
626,3
627,4
628,2
629,6
630,3
631,6
632,3
633,0
634,6
635,5
636,4
637,5
638,0
639,0
640,4
641,2
642,4
643,3
644,3
645,3
646,0
647,3
648,6
649,5
650,3
651,2
652,4
653,0
654,3
655,4
656,5
657,3
658,4
659,6
660,5
661,2
662,3
663,3
664,3
665,3
666,5
667,6
668,2
669,4
670,0
671,6
672,6
673,5
674,2
675,6
676,6
677,0
678,0
679,6
680,6
681,2
682,2
683,5
684,3
685,2
686,6
687,6
688,3
689,6
690,3
691,3
692,5
693,4
694,0
695,3
696,3
697,6
698,3
699,0
700,0
701,2
702,3
703,2
704,4
705,5
706,0
707,3
708,0
709,3
710,3
711,1
712,0
713,2
714,3
715,6
716,3
717,6
718,2
719,3
720,6
721,0
722,3
723,3
724,0
725,4
726,0
727,0
728,2
729,6
730,3
731,3
732,2
733,6
734,6
735,3
736,6
737,6
738,6
739,0
740,3
741,4
742,2
743,3
744,6
745,3
746,2
747,0
748,3
749,5
750,3
751,3
752,3
753,0
754,3
755,6
756,3
757,0
758,2
759,3
760,4
761,3
762,0
763,0
764,3
765,3
766,3
767,3
768,3
769,6
770,4
771,3
772,5
773,2
774,4
775,2
776,5
777,3
778,0
779,6
780,5
781,4
782,6
783,6
784,4
785,0
786,6
787,3
788,4
789,2
790,6
791,3
792,6
793,3
794,4
795,4
796,3
797,6
798,5
799,0
800,5
801,3
802,6
803,5
804,4
805,5
806,3
807,5
808,6
809,4
810,0
811,3
812,0
813,4
814,6
815,0
816,6
817,6
818,3
819,6
820,5
821,4
822,5
823,2
824,0
825,5
826,6
827,5
828,4
829,5
830,4
831,2
832,5
833,2
834,4
835,5
836,0
837,3
838,0
839,1
840,0
841,6
842,4
843,5
844,4
845,0
846,0
847,3
848,4
849,6
850,5
851,6
852,4
853,4
854,6
855,0
856,2
857,4
858,3
859,6
860,5
861,4
862,5
863,0
864,4
865,6
866,0
867,0
868,4
869,3
870,6
871,3
872,3
873,0
874,5
875,0
876,6
877,4
878,5
879,3
880,0
881,3
882,2
883,2
884,6
885,5
886,4
887,2
888,0
889,4
890,5
891,3
892,5
893,4
894,4
895,2
896,4
897,0
898,3
899,4
900,6
901,6
902,6
903,3
904,3
905,5
906,3
907,3
908,5
909,4
910,5
911,2
912,4
913,5
914,2
915,4
916,6
917,4
918,6
919,4
920,6
921,6
922,0
923,3
924,4
925,0
926,3
927,0
928,6
929,6
930,4
931,6
932,0
933,2
934,4
935,0
936,4
937,3
938,5
939,3
940,3
941,3
942,3
943,4
944,2
945,6
946,4
947,0
948,2
949,3
950,3
951,5
952,2
953,0
954,2
955,0
956,6
957,4
958,6
959,6
960,5
961,2
962,6
963,3
964,3
965,2
966,2
967,0
968,5
969,3
970,3
971,3
972,3
973,3
974,0
975,6
976,0
977,0
978,0
979,4
980,6
981,4
982,5
983,4
984,0
985,2
986,2
987,3
988,3
989,3
990,3
991,5
992,4
993,2
994,4
995,4
996,0
997,4
998,6
999,3
1000,3
1001,5
1002,3
1003,4
1004,2
1005,2
1006,6
1007,4
1008,6
1009,5
1010,0
1011,4
1012,6
1013,4
1014,3
1015,0
1016,4
1017,0
1018,0
1019,3
1020,4
1021,6
1022,0
1023,2
1024,1
1025,4
1026,4
1027,2
1028,2
1029,0
1030,6
1031,5
1032,3
1033,3
1034,5
1035,4
1036,3
1037,3
1038,0
1039,5
1040,3
1041,2
1042,6
1043,3
1044,6
1045,3
1046,0
1047,6
1048,4
1049,4
1050,6
1051,3
1052,3
1053,4
1054,2
1055,5
1056,3
1057,4
1058,4
1059,3
1060,4
1061,3
1062,3
1063,5
1064,6
1065,3
1066,6
1067,3
1068,3
1069,2
1070,3
1071,4
1072,6
1073,4
1074,3
1075,6
1076,6
1077,4
1078,4
1079,6
1080,0
1081,3
1082,3
1083,5
1084,4
1085,2
1086,6
1087,2
1088,5
1089,5
1090,3
1091,0
1092,3
1093,3
1094,3
1095,0
1096,4
1097,4
1098,3
1099,0
1100,4
1101,6
1102,0
1103,3
1104,2
1105,6
1106,4
1107,0
1108,4
1109,0
1110,0
1111,4
1112,6
1113,5
1114,6
1115,5
1116,4
1117,4
1118,3
1119,0
1120,3
1121,5
1122,2
1123,3
1124,4
1125,5
1126,3
1127,4
1128,6
1129,3
1130,0
1131,6
1132,0
1133,6
1134,3
1135,6
1136,0
1137,2
1138,2
1139,3
1140,4
1141,5
1142,0
1143,2
1144,4
1145,6
1146,4
1147,0
1148,3
1149,3
1150,3
1151,6
1152,6
1153,4
1154,0
1155,5
1156,5
1157,3
1158,3
1159,3
1160,0
1161,2
1162,6
1163,6
1164,6
1165,4
1166,6
1167,2
1168,0
1169,6
1170,0
1171,2
1172,2
1173,3
1174,5
1175,3
1176,3
1177,6
1178,6
1179,0
1180,4
1181,3
1182,4
1183,6
1184,4
1185,6
1186,5
1187,3
1188,5
1189,4
1190,3
1191,4
1192,0
1193,0
1194,6
1195,3
1196,5
1197,3
1198,2
1199,3
1200,4
1201,5
1202,3
1203,4
1204,6
1205,3
1206,2
1207,3
1208,6
1209,3
1210,6
1211,3
1212,5
1213,6
1214,3
1215,2
1216,4
1217,4
1218,3
1219,5
1220,0
1221,5
1222,3
1223,0
1224,3
1225,0
1226,3
1227,4
1228,4
1229,6
1230,0
1231,6
1232,3
1233,6
1234,2
1235,6
1236,6
1237,0
1238,3
1239,0
1240,0
1241,2
1242,0
1243,0
1244,5
1245,6
1246,5
1247,5
1248,6
1249,5
1250,3
1251,3
1252,2
1253,3
1254,2
1255,0
1256,0
1257,3
1258,2
1259,3
1260,6
1261,6
1262,5
1263,0
1264,6
1265,0
1266,6
1267,3
1268,0
1269,0
1270,6
1271,3
1272,0
1273,3
1274,4
1275,2
1276,5
1277,0
1278,6
1279,3
1280,3
1281,5
1282,2
1283,3
1284,3
1285,3
1286,4
1287,3
1288,6
1289,5
1290,0
1291,0
1292,2
1293,2
1294,0
1295,3
1296,6
1297,5
1298,3
1299,6
1300,5
1301,2
1302,4
1303,3
1304,4
1305,2
1306,2
1307,3
1308,3
1309,4
1310,0
1311,6
1312,6
1313,3
1314,2
1315,4
1316,0
1317,0
1318,6
1319,4
1320,0
1321,2
1322,6
1323,3
1324,4
1325,3
1326,3
1327,4
1328,0
1329,5
1330,6
1331,6
1332,3
1333,4
1334,4
1335,2
1336,4
1337,0
1338,5
1339,0
1340,6
1341,3
1342,2
1343,6
1344,6
1345,6
1346,6
1347,6
1348,4
1349,3
1350,6
1351,2
1352,2
1353,3
1354,3
1355,6
1356,3
1357,6
1358,0
1359,5
1360,5
1361,4
1362,5
1363,5
1364,6
1365,5
1366,4
1367,2
1368,2
1369,2
1370,2
1371,2
1372,4
1373,5
1374,0
1375,3
1376,3
1377,0
1378,3
1379,5
1380,0
1381,3
1382,4
1383,3
1384,0
1385,0
1386,6
1387,3
1388,6
1389,3
1390,3
1391,3
1392,5
1393,3
1394,3
1395,6
1396,4
1397,6
1398,3
1399,3
1400,5
1401,6
1402,6
1403,4
1404,5
1405,3
1406,3
1407,4
1408,3
1409,6
1410,4
1411,3
1412,0
1413,6
1414,6
1415,6
1416,4
1417,6
1418,5
1419,3
1420,0
1421,2
1422,4
1423,3
1424,6
1425,2
1426,4
1427,3
1428,6
1429,6
1430,4
1431,0
1432,4
1433,6
1434,5
1435,3
1436,4
1437,4
1438,2
1439,3
1440,6
1441,0
1442,0
1443,2
1444,4
1445,6
1446,6
1447,3
1448,0
1449,6
1450,3
1451,6
1452,6
1453,6
1454,4
1455,3
1456,3
1457,6
1458,3
1459,6
1460,3
1461,4
1462,5
1463,0
1464,3
1465,2
1466,5
1467,3
1468,3
1469,5
1470,3
1471,4
1472,3
1473,4
1474,3
1475,4
1476,5
1477,3
1478,3
1479,3
1480,3
1481,3
1482,5
1483,2
1484,5
1485,3
1486,0
1487,6
1488,2
1489,0
1490,3
1491,3
1492,4
1493,3
1494,3
1495,6
1496,5
1497,2
1498,6
1499,4
1500,6
1501,5
1502,6
1503,6
1504,6
1505,2
1506,3
1507,0
1508,3
1509,3
1510,6
1511,0
1512,4
1513,3
1514,2
1515,5
1516,4
1517,5
1518,2
1519,3
1520,3
1521,6
1522,0
1523,6
1524,5
1525,2
1526,6
1527,2
1528,3
1529,2
1530,6
1531,2
1532,4
1533,3
1534,0
1535,5
1536,2
1537,3
1538,4
1539,6
1540,3
1541,3
1542,2
1543,2
1544,0
1545,0
1546,4
1547,6
1548,3
1549,4
1550,0
1551,0
1552,4
1553,3
1554,4
1555,3
1556,3
1557,3
1558,0
1559,3
1560,0
1561,6
1562,4
1563,6
1564,4
1565,4
1566,6
1567,4
1568,6
1569,4
1570,4
1571,4
1572,3
1573,6
1574,5
1575,6
1576,3
1577,0
1578,3
1579,6
1580,3
1581,0
1582,6
1583,6
1584,4
1585,5
1586,6
1587,6
1588,0
1589,3
1590,4
1591,5
1592,5
1593,6
1594,0
1595,5
1596,4
1597,0
1598,3
1599,3
1600,6
1601,2
1602,4
1603,6
1604,5
1605,5
1606,6
1607,0
1608,5
1609,0
1610,2
1611,6
1612,6
1613,2
1614,3
1615,3
1616,3
1617,3
1618,0
1619,2
1620,3
1621,3
1622,3
1623,4
1624,3
1625,2
1626,3
1627,6
1628,5
1629,3
1630,3
1631,6
1632,5
1633,3
1634,3
1635,3
1636,4
1637,6
1638,4
1639,0
1640,3
1641,2
1642,2
1643,3
1644,4
1645,6
1646,3
1647,5
1648,3
1649,4
1650,4
1651,3
1652,5
1653,3
1654,5
1655,3
1656,4
1657,0
1658,4
1659,6
1660,5
1661,1
1662,3
1663,0
1664,3
1665,6
1666,6
1667,2
1668,3
1669,4
1670,4
1671,6
1672,2
1673,0
1674,0
1675,4
1676,0
1677,6
1678,6
1679,5
1680,5
1681,4
1682,5
1683,3
1684,3
1685,5
1686,0
1687,6
1688,4
1689,4
1690,4
1691,0
1692,3
1693,3
1694,4
1695,3
1696,4
1697,1
1698,3
1699,3
1700,0
1701,4
1702,2
1703,4
1704,5
1705,6
1706,3
1707,0
1708,3
1709,3
1710,4
1711,4
1712,2
1713,6
1714,6
1715,5
1716,3
1717,3
1718,4
1719,5
1720,1
1721,6
1722,0
1723,5
1724,4
1725,6
1726,4
1727,4
1728,3
1729,3
1730,0
1731,4
1732,6
1733,6
1734,4
1735,2
1736,2
1737,2
1738,0
1739,0
1740,5
1741,3
1742,0
1743,5
1744,3
1745,0
1746,4
1747,2
1748,4
1749,6
1750,0
1751,2
1752,0
1753,5
1754,0
1755,3
1756,2
1757,4
1758,3
1759,0
1760,6
1761,4
1762,0
1763,3
1764,6
1765,2
1766,6
1767,4
1768,5
1769,3
1770,3
1771,2
1772,2
1773,3
1774,2
1775,3
1776,3
1777,6
1778,0
1779,0
1780,2
1781,5
1782,6
1783,2
1784,2
1785,2
1786,3
1787,5
1788,3
1789,0
1790,3
1791,0
1792,3
1793,4
1794,5
1795,6
1796,4
1797,6
1798,0
1799,5
1800,0
1801,3
1802,6
1803,4
1804,3
1805,5
1806,0
1807,6
1808,3
1809,3
1810,5
1811,4
1812,5
1813,3
1814,6
1815,4
1816,2
1817,0
1818,0
1819,6
1820,5
1821,4
1822,4
1823,3
1824,4
1825,3
1826,6
1827,0
1828,6
1829,5
1830,4
1831,6
1832,4
1833,6
1834,6
1835,4
1836,4
1837,0
1838,0
1839,6
1840,0
1841,6
1842,1
1843,6
1844,6
1845,4
1846,3
1847,2
1848,4
1849,5
1850,3
1851,3
1852,3
1853,6
1854,0
1855,0
1856,2
1857,3
1858,6
1859,5
1860,5
1861,3
1862,4
1863,3
1864,6
1865,5
1866,5
1867,5
1868,6
1869,3
1870,2
1871,2
1872,5
1873,6
1874,3
1875,4
1876,0
1877,3
1878,5
1879,3
1880,4
1881,0
1882,5
1883,5
1884,3
1885,4
1886,2
1887,0
1888,5
1889,5
1890,5
1891,2
1892,6
1893,2
1894,0
1895,6
1896,3
1897,0
1898,4
1899,6
1900,3
1901,4
1902,6
1903,4
1904,5
1905,4
1906,6
1907,6
1908,6
1909,4
1910,2
1911,3
1912,5
1913,4
1914,0
1915,5
1916,6
1917,5
1918,6
1919,2
1920,5
1921,2
1922,5
1923,4
1924,2
1925,4
1926,5
1927,3
1928,3
1929,3
1930,4
1931,1
1932,5
1933,2
1934,0
1935,6
1936,5
1937,4
1938,3
1939,6
1940,5
1941,0
1942,4
1943,3
1944,3
1945,4
1946,5
1947,6
1948,3
1949,4
1950,5
1951,3
1952,6
1953,6
1954,6
1955,3
1956,3
1957,2
1958,6
1959,3
1960,3
1961,5
1962,6
1963,4
1964,3
1965,0
1966,4
1967,3
1968,6
1969,4
1970,3
1971,3
1972,1
1973,5
1974,3
1975,3
1976,2
1977,4
1978,6
1979,6
1980,3
1981,6
1982,0
1983,4
1984,6
1985,3
1986,4
1987,2
1988,0
1989,3
1990,0
1991,4
1992,5
1993,6
1994,4
1995,6
1996,3
1997,6
1998,4
1999,6
2000,3
2001,0
2002,6
2003,6
2004,4
2005,4
2006,5
2007,4
2008,5
2009,6
2010,4
2011,1
2012,3
2013,2
2014,6
2015,2
2016,3
2017,5
2018,5
2019,2
2020,4
2021,2
2022,3
2023,2
2024,2
2025,2
2026,3
2027,0
2028,0
2029,3
2030,3
2031,0
2032,5
2033,3
2034,0
2035,4
2036,6
2037,3
2038,6
2039,2
2040,3
2041,3
2042,0
2043,5
2044,4
2045,2
2046,2
2047,3
2048,6
2049,0
2050,2
2051,0
2052,3
2053,1
2054,6
2055,4
2056,2
2057,3
2058,4
2059,4
2060,3
2061,5
2062,0
2063,3
2064,3
2065,1
2066,2
2067,6
2068,4
2069,5
2070,5
2071,3
2072,3
2073,1
2074,2
2075,0
2076,2
2077,2
2078,0
2079,5
2080,6
2081,0
2082,5
2083,4
2084,5
2085,3
2086,2
2087,3
2088,3
2089,2
2090,4
2091,6
2092,4
2093,5
2094,3
2095,4
2096,3
2097,3
2098,6
2099,3
2100,5
2101,6
2102,4
2103,5
2104,3
2105,5
2106,3
2107,0
2108,4
2109,4
2110,4
2111,2
2112,3
2113,5
2114,3
2115,3
2116,3
2117,3
2118,3
2119,3
2120,1
2121,2
2122,3
2123,0
2124,3
2125,6
2126,3
2127,3
2128,3
2129,3
2130,6
2131,4
2132,2
2133,6
2134,3
2135,6
2136,6
2137,2
2138,4
2139,4
2140,3
2141,3
2142,6
2143,3
2144,0
2145,4
2146,3
2147,3
2148,6
2149,2
2150,1
2151,3
2152,6
2153,3
2154,6
2155,4
2156,3
2157,0
2158,5
2159,3
2160,3
2161,6
2162,3
2163,3
2164,0
2165,5
2166,3
2167,3
2168,5
2169,4
2170,0
2171,5
2172,4
2173,3
2174,4
2175,6
2176,6
2177,3
2178,0
2179,0
2180,6
2181,3
2182,2
2183,3
2184,6
2185,5
2186,3
2187,0
2188,2
2189,3
2190,2
2191,5
2192,2
2193,0
2194,3
2195,3
2196,3
2197,6
2198,3
2199,3
2200,3
2201,4
2202,6
2203,4
2204,3
2205,4
2206,2
2207,3
2208,6
2209,3
2210,2
2211,2
2212,3
2213,3
2214,4
2215,6
2216,5
2217,5
2218,6
2219,0
2220,0
2221,5
2222,2
2223,0
2224,6
2225,4
2226,4
2227,5
2228,4
2229,3
2230,3
2231,6
2232,6
2233,2
2234,0
2235,5
2236,3
2237,6
2238,0
2239,5
2240,3
2241,5
2242,4
2243,3
2244,3
2245,2
2246,3
2247,3
2248,0
2249,6
2250,0
2251,6
2252,3
2253,3
2254,3
2255,6
2256,0
2257,3
2258,6
2259,4
2260,4
2261,3
2262,3
2263,5
2264,0
2265,6
2266,6
2267,3
2268,4
2269,2
2270,5
2271,3
2272,6
2273,4
2274,4
2275,6
2276,3
2277,6
2278,3
2279,6
2280,3
2281,5
2282,3
2283,4
2284,3
2285,5
2286,2
2287,3
2288,4
2289,6
2290,6
2291,3
2292,3
2293,3
2294,4
2295,3
2296,2
2297,5
2298,3
2299,6
2300,5
2301,4
2302,6
2303,3
2304,3
2305,0
2306,2
2307,4
2308,3
2309,3
2310,3
2311,3
2312,3
2313,6
2314,3
2315,6
2316,3
2317,2
2318,3
2319,3
2320,0
2321,3
2322,5
2323,0
2324,4
2325,0
2326,3
2327,3
2328,4
2329,2
2330,6
2331,3
2332,3
2333,6
2334,0
2335,3
2336,0
2337,0
2338,4
2339,5
2340,4
2341,4
2342,6
2343,3
2344,3
2345,3
2346,5
2347,0
2348,3
2349,0
2350,5
2351,6
2352,4
2353,3
2354,3
2355,3
2356,2
2357,0
2358,3
2359,4
2360,3
2361,6
2362,6
2363,5
2364,0
2365,6
2366,4
2367,6
2368,3
2369,0
2370,6
2371,2
2372,3
2373,6
2374,2
2375,0
2376,3
2377,3
2378,3
2379,3
2380,4
2381,3
2382,5
2383,2
2384,4
2385,2
2386,6
2387,5
2388,6
2389,5
2390,6
2391,4
2392,0
2393,3
2394,5
2395,6
2396,6
2397,0
2398,3
2399,2
2400,0
2401,3
2402,6
2403,0
2404,3
2405,3
2406,2
2407,2
2408,2
2409,0
2410,3
2411,3
2412,0
2413,3
2414,5
2415,6
2416,3
2417,2
2418,5
2419,2
2420,3
2421,2
2422,2
2423,3
2424,2
2425,5
2426,5
2427,6
2428,3
2429,3
2430,3
2431,6
2432,3
2433,3
2434,2
2435,3
2436,2
2437,3
2438,3
2439,5
2440,3
2441,6
2442,3
2443,0
2444,0
2445,0
2446,4
2447,2
2448,6
2449,2
2450,4
2451,2
2452,3
2453,6
2454,0
2455,5
2456,6
2457,3
2458,0
2459,3
2460,0
2461,2
2462,3
2463,3
2464,6
2465,5
2466,2
2467,4
2468,3
2469,3
2470,3
2471,0
2472,6
2473,5
2474,2
2475,4
2476,2
2477,5
2478,2
2479,5
2480,2
2481,6
2482,2
2483,4
2484,5
2485,6
2486,5
2487,4
2488,0
2489,6
2490,5
2491,5
2492,5
2493,2
2494,3
2495,0
2496,2
2497,6
2498,5
2499,0
2500,3
2501,3
2502,0
2503,0
2504,2
2505,0
2506,6
2507,6
2508,4
2509,4
2510,4
2511,2
2512,2
2513,0
2514,6
2515,5
2516,6
2517,4
2518,2
2519,4
2520,2
2521,6
2522,3
2523,5
2524,0
2525,6
2526,0
2527,2
2528,3
2529,4
2530,2
2531,3
2532,0
2533,3
2534,3
2535,3
2536,5
2537,3
2538,0
2539,3
2540,4
2541,6
2542,3
2543,3
2544,6
2545,0
2546,2
2547,3
2548,3
2549,3
2550,3
2551,4
2552,6
2553,4
2554,6
2555,6
2556,6
2557,4
2558,0
2559,4
2560,6
2561,4
2562,6
2563,3
2564,2
2565,5
2566,3
2567,4
2568,3
2569,4
2570,6
2571,2
2572,0
2573,0
2574,6
2575,0
2576,4
2577,3
2578,4
2579,4
2580,6
2581,6
2582,4
2583,3
2584,3
2585,0
2586,5
2587,3
2588,6
2589,3
2590,3
2591,2
2592,6
2593,3
2594,4
2595,3
2596,5
2597,3
2598,0
2599,6
2600,3
2601,3
2602,4
2603,6
2604,2
2605,6
2606,0
2607,6
2608,3
2609,4
2610,6
2611,3
2612,3
2613,2
2614,1
2615,6
2616,5
2617,6
2618,3
2619,4
2620,4
2621,3
2622,2
2623,2
2624,6
2625,4
2626,3
2627,6
2628,3
2629,3
2630,0
2631,3
2632,5
2633,2
2634,2
2635,4
2636,0
2637,5
2638,3
2639,6
2640,5
2641,3
2642,3
2643,4
2644,5
2645,5
2646,5
2647,0
2648,0
2649,2
2650,3
2651,5
2652,4
2653,3
2654,2
2655,3
2656,5
2657,6
2658,3
2659,3
2660,1
2661,6
2662,3
2663,6
2664,6
2665,6
2666,3
2667,6
2668,3
2669,3
2670,5
2671,0
2672,4
2673,4
2674,2
2675,2
2676,3
2677,6
2678,0
2679,6
2680,3
2681,3
2682,4
2683,5
2684,5
2685,6
2686,6
2687,4
2688,2
2689,2
2690,2
2691,3
2692,2
2693,4
2694,3
2695,2
2696,4
2697,5
2698,3
2699,4
2700,4
2701,4
2702,3
2703,3
2704,4
2705,3
2706,6
2707,6
2708,6
2709,4
2710,1
2711,3
2712,2
2713,4
2714,3
2715,5
2716,4
2717,5
2718,2
2719,0
2720,2
2721,0
2722,4
2723,0
2724,6
2725,5
2726,3
2727,6
2728,5
2729,6
2730,3
2731,3
2732,3
2733,4
2734,0
2735,6
2736,0
2737,6
2738,6
2739,0
2740,5
2741,4
2742,0
2743,5
2744,3
2745,3
2746,0
2747,0
2748,3
2749,3
2750,3
2751,3
2752,2
2753,6
2754,3
2755,5
2756,5
2757,4
2758,4
2759,6
2760,4
2761,6
2762,6
2763,6
2764,0
2765,5
2766,3
2767,5
2768,6
2769,0
2770,6
2771,5
2772,4
2773,2
2774,3
2775,6
2776,0
2777,0
2778,4
2779,4
2780,2
2781,2
2782,4
2783,0
2784,2
2785,2
2786,0
2787,0
2788,5
2789,6
2790,2
2791,4
2792,0
2793,6
2794,6
2795,4
2796,5
2797,3
2798,6
2799,4
2800,4
2801,3
2802,4
2803,3
2804,5
2805,5
2806,3
2807,3
2808,4
2809,5
2810,2
2811,4
2812,5
2813,0
2814,0
2815,5
2816,3
2817,3
2818,2
2819,0
2820,6
2821,5
2822,0
2823,0
2824,3
2825,5
2826,6
2827,2
2828,0
2829,6
2830,0
2831,0
2832,3
2833,6
2834,3
2835,0
2836,0
2837,5
2838,0
2839,5
2840,6
2841,3
2842,5
2843,3
2844,4
2845,6
2846,3
2847,4
2848,3
2849,3
2850,3
2851,5
2852,4
2853,3
2854,2
2855,5
2856,0
2857,6
2858,2
2859,5
2860,0
2861,2
2862,5
2863,3
2864,3
2865,3
2866,0
2867,0
2868,6
2869,3
2870,3
2871,2
2872,2
2873,0
2874,6
2875,4
2876,2
2877,6
2878,4
2879,5
2880,2
2881,5
2882,5
2883,6
2884,0
2885,6
2886,5
2887,0
2888,6
2889,3
2890,3
2891,4
2892,4
2893,4
2894,3
2895,0
2896,1
2897,3
2898,3
2899,5
2900,6
2901,6
2902,4
2903,0
2904,5
2905,0
2906,4
2907,0
2908,2
2909,3
2910,2
2911,6
2912,3
2913,6
2914,3
2915,6
2916,4
2917,4
2918,3
2919,3
2920,3
2921,3
2922,4
2923,2
2924,5
2925,5
2926,4
2927,6
2928,4
2929,3
2930,2
2931,5
2932,2
2933,3
2934,4
2935,6
2936,3
2937,3
2938,4
2939,6
2940,0
2941,3
2942,6
2943,0
2944,2
2945,4
2946,4
2947,6
2948,4
2949,0
2950,6
2951,0
2952,4
2953,5
2954,5
2955,6
2956,5
2957,3
2958,4
2959,5
2960,3
2961,0
2962,0
2963,5
2964,4
2965,0
2966,3
2967,4
2968,3
2969,6
2970,5
2971,3
2972,0
2973,5
2974,3
2975,3
2976,2
2977,6
2978,5
2979,3
2980,6
2981,3
2982,0
2983,3
2984,0
2985,1
2986,0
2987,6
2988,3
2989,3
2990,5
2991,5
2992,4
2993,6
2994,5
2995,0
2996,6
2997,2
2998,2
2999,3
3000,0
3001,3
3002,4
3003,0
3004,4
3005,6
3006,4
3007,2
3008,0
3009,2
3010,3
3011,2
3012,4
3013,4
3014,0
3015,6
3016,3
3017,3
3018,4
3019,3
3020,0
3021,0
3022,3
3023,5
3024,4
3025,0
3026,3
3027,2
3028,2
3029,3
3030,0
3031,3
3032,4
3033,5
3034,3
3035,6
3036,5
3037,6
3038,3
3039,5
3040,2
3041,4
3042,6
3043,6
3044,3
3045,6
3046,3
3047,3
3048,3
3049,3
3050,5
3051,6
3052,3
3053,3
3054,6
3055,5
3056,0
3057,3
3058,4
3059,4
3060,2
3061,3
3062,3
3063,5
3064,3
3065,2
3066,4
3067,5
3068,3
3069,2
3070,4
3071,5
3072,4
3073,4
3074,2
3075,4
3076,5
3077,3
3078,2
3079,5
3080,2
3081,0
3082,5
3083,5
3084,3
3085,5
3086,2
3087,5
3088,1
3089,2
3090,3
3091,5
3092,4
3093,3
3094,3
3095,0
3096,0
3097,6
3098,3
3099,6
3100,6
3101,0
3102,3
3103,3
3104,3
3105,3
3106,5
3107,0
3108,4
3109,5
3110,2
3111,0
3112,3
3113,2
3114,3
3115,6
3116,4
3117,4
3118,5
3119,6
3120,1
3121,4
3122,6
3123,0
3124,6
3125,3
3126,4
3127,6
3128,4
3129,0
3130,2
3131,3
3132,3
3133,4
3134,2
3135,4
3136,5
3137,4
3138,3
3139,6
3140,5
3141,0
3142,3
3143,6
3144,4
3145,3
3146,3
3147,2
3148,3
3149,3
3150,3
3151,4
3152,2
3153,3
3154,6
3155,3
3156,6
3157,3
3158,6
3159,0
3160,4
3161,2
3162,3
3163,6
3164,5
3165,0
3166,4
3167,3
3168,6
3169,0
3170,3
3171,0
3172,6
3173,4
3174,5
3175,3
3176,6
3177,5
3178,0
3179,4
3180,4
3181,3
3182,3
3183,6
3184,6
3185,2
3186,4
3187,3
3188,3
3189,3
3190,5
3191,5
3192,4
3193,6
3194,5
3195,2
3196,2
3197,5
3198,6
3199,2
3200,3
3201,4
3202,3
3203,6
3204,3
3205,3
3206,4
3207,6
3208,2
3209,1
3210,4
3211,6
3212,2
3213,0
3214,3
3215,4
3216,0
3217,6
3218,0
3219,3
3220,0
3221,5
3222,6
3223,0
3224,4
3225,3
3226,3
3227,5
3228,0
3229,0
3230,6
3231,0
3232,4
3233,2
3234,6
3235,6
3236,5
3237,3
3238,0
3239,0
3240,3
3241,6
3242,3
3243,3
3244,3
3245,5
3246,4
3247,4
3248,3
3249,4
3250,3
3251,2
3252,3
3253,5
3254,3
3255,6
3256,0
3257,5
3258,3
3259,6
3260,5
3261,0
3262,3
3263,2
3264,3
3265,2
3266,6
3267,4
3268,4
3269,3
3270,5
3271,6
3272,4
3273,3
3274,0
3275,5
3276,4
3277,3
3278,5
3279,3
3280,0
3281,2
3282,3
3283,2
3284,4
3285,3
3286,6
3287,0
3288,6
3289,4
3290,5
3291,6
3292,4
3293,4
3294,2
3295,3
3296,5
3297,4
3298,6
3299,4
3300,6
3301,6
3302,4
3303,3
3304,3
3305,3
3306,2
3307,4
3308,6
3309,4
3310,2
3311,0
3312,3
3313,3
3314,3
3315,0
3316,2
3317,4
3318,4
3319,3
3320,6
3321,2
3322,4
3323,5
3324,5
3325,0
3326,6
3327,2
3328,3
3329,4
3330,4
3331,3
3332,5
3333,3
3334,6
3335,4
3336,4
3337,4
3338,3
3339,3
3340,3
3341,6
3342,6
3343,0
3344,0
3345,6
3346,6
3347,3
3348,6
3349,5
3350,6
3351,2
3352,0
3353,5
3354,3
3355,3
3356,3
3357,5
3358,0
3359,4
3360,3
3361,6
3362,3
3363,6
3364,6
3365,6
3366,0
3367,3
3368,5
3369,4
3370,0
3371,5
3372,3
3373,6
3374,6
3375,2
3376,3
3377,3
3378,0
3379,6
3380,0
3381,4
3382,6
3383,4
3384,3
3385,4
3386,0
3387,3
3388,5
3389,2
3390,5
3391,5
3392,3
3393,6
3394,3
3395,2
3396,2
3397,3
3398,6
3399,3
3400,3
3401,2
3402,4
3403,6
3404,0
3405,0
3406,2
3407,6
3408,6
3409,6
3410,3
3411,5
3412,1
3413,5
3414,0
3415,6
3416,2
3417,4
3418,4
3419,6
3420,3
3421,2
3422,2
3423,6
3424,5
3425,4
3426,3
3427,6
3428,3
3429,2
3430,4
3431,2
3432,3
3433,1
3434,3
3435,4
3436,3
3437,4
3438,5
3439,2
3440,5
3441,0
3442,0
3443,5
3444,5
3445,2
3446,2
3447,6
3448,3
3449,4
3450,6
3451,6
3452,3
3453,0
3454,3
3455,2
3456,3
3457,5
3458,3
3459,3
3460,2
3461,3
3462,5
3463,3
3464,2
3465,5
3466,2
3467,4
3468,5
3469,6
3470,1
3471,5
3472,0
3473,0
3474,3
3475,0
3476,0
3477,3
3478,3
3479,4
3480,3
3481,4
3482,3
3483,6
3484,6
3485,4
3486,3
3487,4
3488,4
3489,6
3490,3
3491,3
3492,0
3493,2
3494,4
3495,0
3496,0
3497,2
3498,0
3499,0
3500,5
3501,4
3502,2
3503,0
3504,5
3505,6
3506,5
3507,0
3508,2
3509,0
3510,2
3511,6
3512,6
3513,4
3514,3
3515,0
3516,0
3517,0
3518,6
3519,3
3520,4
3521,2
3522,6
3523,0
3524,5
3525,6
3526,2
3527,5
3528,3
3529,3
3530,6
3531,3
3532,0
3533,4
3534,6
3535,5
3536,3
3537,4
3538,6
3539,5
3540,3
3541,3
3542,0
3543,3
3544,0
3545,6
3546,5
3547,3
3548,2
3549,3
3550,3
3551,3
3552,1
3553,0
3554,6
3555,3
3556,0
3557,2
3558,5
3559,2
3560,0
3561,6
3562,6
3563,2
3564,6
3565,3
3566,3
3567,4
3568,4
3569,6
3570,0
3571,5
3572,2
3573,6
3574,3
3575,5
3576,5
3577,6
3578,4
3579,6
3580,2
3581,4
3582,5
3583,3
3584,3
3585,4
3586,3
3587,3
3588,4
3589,6
3590,0
3591,4
3592,2
3593,6
3594,2
3595,0
3596,6
3597,3
3598,0
3599,3
3600,5
3601,3
3602,6
3603,2
3604,4
3605,6
3606,0
3607,5
3608,4
3609,5
3610,3
3611,4
3612,0
3613,6
3614,3
3615,6
3616,5
3617,2
3618,6
3619,0
3620,4
3621,0
3622,4
3623,2
3624,1
3625,3
3626,5
3627,4
3628,0
3629,4
3630,6
3631,6
3632,2
3633,4
3634,6
3635,4
3636,3
3637,5
3638,3
3639,3
3640,4
3641,2
3642,3
3643,0
3644,0
3645,0
3646,5
3647,6
3648,6
3649,1
3650,6
3651,5
3652,6
3653,6
3654,0
3655,0
3656,3
3657,5
3658,6
3659,2
3660,3
3661,1
3662,0
3663,4
3664,3
3665,0
3666,6
3667,4
3668,5
3669,3
3670,2
3671,3
3672,5
3673,3
3674,3
3675,4
3676,6
3677,2
3678,3
3679,3
3680,3
3681,0
3682,0
3683,6
3684,6
3685,6
3686,4
3687,5
3688,0
3689,2
3690,5
3691,3
3692,4
3693,6
3694,3
3695,3
3696,5
3697,5
3698,5
3699,3
3700,0
3701,3
3702,0
3703,0
3704,3
3705,6
3706,3
3707,6
3708,3
3709,3
3710,3
3711,3
3712,5
3713,4
3714,6
3715,0
3716,2
3717,3
3718,3
3719,3
3720,6
3721,3
3722,4
3723,0
3724,5
3725,6
3726,6
3727,6
3728,3
3729,0
3730,2
3731,3
3732,3
3733,2
3734,4
3735,0
3736,5
3737,6
3738,6
3739,2
3740,3
3741,6
3742,6
3743,3
3744,3
3745,5
3746,0
3747,4
3748,6
3749,3
3750,4
3751,5
3752,3
3753,2
3754,6
3755,2
3756,2
3757,5
3758,3
3759,6
3760,3
3761,5
3762,0
3763,3
3764,6
3765,0
3766,6
3767,5
3768,0
3769,2
3770,4
3771,6
3772,6
3773,0
3774,6
3775,6
3776,5
3777,2
3778,0
3779,5
3780,3
3781,2
3782,6
3783,4
3784,6
3785,5
3786,5
3787,0
3788,2
3789,3
3790,4
3791,4
3792,4
3793,2
3794,4
3795,0
3796,2
3797,5
3798,2
3799,2
3800,2
3801,6
3802,5
3803,3
3804,0
3805,5
3806,4
3807,3
3808,0
3809,6
3810,3
3811,2
3812,2
3813,5
3814,3
3815,3
3816,2
3817,1
3818,5
3819,3
3820,3
3821,3
3822,3
3823,2
3824,2
3825,6
3826,0
3827,5
3828,3
3829,0
3830,0
3831,0
3832,0
3833,6
3834,5
3835,3
3836,3
3837,6
3838,0
3839,6
3840,4
3841,3
3842,0
3843,2
3844,4
3845,5
3846,3
3847,3
3848,3
3849,3
3850,3
3851,0
3852,3
3853,6
3854,4
3855,2
3856,6
3857,6
3858,2
3859,4
3860,3
3861,2
3862,5
3863,4
3864,4
3865,3
3866,3
3867,6
3868,6
3869,6
3870,0
3871,4
3872,4
3873,6
3874,6
3875,0
3876,0
3877,4
3878,3
3879,2
3880,6
3881,4
3882,3
3883,6
3884,0
3885,4
3886,3
3887,3
3888,4
3889,6
3890,6
3891,2
3892,0
3893,3
3894,6
3895,2
3896,4
3897,2
3898,4
3899,3
3900,6
3901,4
3902,0
3903,5
3904,0
3905,4
3906,3
3907,6
3908,4
3909,6
3910,3
3911,4
3912,4
3913,0
3914,6
3915,2
3916,3
3917,6
3918,4
3919,3
3920,0
3921,3
3922,5
3923,4
3924,6
3925,5
3926,6
3927,5
3928,5
3929,4
3930,2
3931,2
3932,3
3933,4
3934,2
3935,0
3936,3
3937,5
3938,0
3939,4
3940,3
3941,2
3942,0
3943,6
3944,5
3945,4
3946,0
3947,0
3948,4
3949,3
3950,2
3951,3
3952,3
3953,4
3954,0
3955,3
3956,4
3957,4
3958,6
3959,5
3960,5
3961,3
3962,3
3963,6
3964,4
3965,4
3966,6
3967,5
3968,3
3969,4
3970,3
3971,5
3972,5
3973,1
3974,0
3975,4
3976,0
3977,6
3978,3
3979,3
3980,6
3981,2
3982,3
3983,2
3984,4
3985,6
3986,2
3987,6
3988,5
3989,0
3990,6
3991,3
3992,6
3993,3
3994,6
3995,2
3996,6
3997,4
3998,4
3999,4
4000,3
4001,5
4002,0
4003,0
4004,6
4005,6
4006,6
4007,4
4008,5
4009,1
4010,0
4011,2
4012,2
4013,3
4014,5
4015,3
4016,6
4017,0
4018,6
4019,5
4020,3
4021,0
4022,6
4023,2
4024,3
4025,3
4026,5
4027,0
4028,5
4029,3
4030,5
4031,3
4032,6
4033,3
4034,4
4035,3
4036,0
4037,2
4038,2
4039,3
4040,4
4041,5
4042,0
4043,0
4044,4
4045,5
4046,0
4047,0
4048,5
4049,6
4050,2
4051,0
4052,6
4053,2
4054,5
4055,3
4056,3
4057,4
4058,4
4059,3
4060,4
4061,3
4062,6
4063,2
4064,2
4065,3
4066,5
4067,0
4068,0
4069,0
4070,4
4071,2
4072,5
4073,3
4074,6
4075,6
4076,4
4077,5
4078,6
4079,6
4080,1
4081,2
4082,0
4083,2
4084,6
4085,6
4086,2
4087,2
4088,3
4089,3
4090,2
4091,2
4092,3
4093,4
4094,3
4095,0
4096,5
4097,4
4098,5
4099,4
4100,3
4101,4
4102,0
4103,2
4104,0
4105,2
4106,4
4107,5
4108,0
4109,6
4110,0
4111,5
4112,2
4113,6
4114,5
4115,6
4116,5
4117,6
4118,3
4119,3
4120,4
4121,2
4122,3
4123,5
4124,3
4125,6
4126,3
4127,3
4128,4
4129,3
4130,3
4131,2
4132,6
4133,6
4134,6
4135,2
4136,0
4137,3
4138,3
4139,6
4140,6
4141,3
4142,4
4143,6
4144,4
4145,2
4146,2
4147,6
4148,6
4149,3
4150,0
4151,6
4152,3
4153,4
4154,3
4155,0
4156,3
4157,0
4158,5
4159,5
4160,3
4161,4
4162,6
4163,6
4164,3
4165,0
4166,4
4167,5
4168,4
4169,2
4170,5
4171,2
4172,0
4173,0
4174,3
4175,3
4176,5
4177,2
4178,3
4179,3
4180,4
4181,0
4182,6
4183,0
4184,3
4185,4
4186,3
4187,4
4188,3
4189,3
4190,4
4191,3
4192,6
4193,4
4194,3
4195,6
4196,3
4197,4
4198,0
4199,0
4200,4
4201,4
4202,0
4203,0
4204,1
4205,3
4206,4
4207,0
4208,0
4209,3
4210,5
4211,2
4212,3
4213,6
4214,4
4215,1
4216,5
4217,5
4218,4
4219,0
4220,4
4221,2
4222,6
4223,2
4224,4
4225,2
4226,0
4227,6
4228,3
4229,6
4230,0
4231,6
4232,2
4233,6
4234,6
4235,5
4236,0
4237,0
4238,4
4239,4
4240,5
4241,5
4242,5
4243,2
4244,3
4245,3
4246,3
4247,3
4248,6
4249,6
4250,3
4251,0
4252,4
4253,4
4254,0
4255,3
4256,4
4257,4
4258,4
4259,3
4260,5
4261,4
4262,6
4263,3
4264,6
4265,3
4266,6
4267,3
4268,0
4269,4
4270,6
4271,5
4272,3
4273,0
4274,4
4275,3
4276,0
4277,5
4278,0
4279,4
4280,5
4281,5
4282,4
4283,2
4284,2
4285,3
4286,0
4287,3
4288,6
4289,3
4290,3
4291,5
4292,2
4293,3
4294,2
4295,6
4296,1
4297,3
4298,3
4299,0
4300,3
4301,3
4302,5
4303,6
4304,6
4305,3
4306,4
4307,0
4308,3
4309,3
4310,0
4311,2
4312,6
4313,5
4314,6
4315,0
4316,3
4317,5
4318,2
4319,5
4320,6
4321,3
4322,3
4323,6
4324,3
4325,2
4326,0
4327,0
4328,4
4329,0
4330,6
4331,2
4332,4
4333,3
4334,5
4335,3
4336,3
4337,2
4338,3
4339,4
4340,0
4341,6
4342,6
4343,4
4344,2
4345,2
4346,4
4347,5
4348,4
4349,3
4350,0
4351,4
4352,4
4353,4
4354,0
4355,0
4356,0
4357,3
4358,3
4359,5
4360,3
4361,6
4362,4
4363,3
4364,5
4365,3
4366,3
4367,4
4368,3
4369,0
4370,3
4371,5
4372,2
4373,4
4374,2
4375,2
4376,3
4377,4
4378,4
4379,3
4380,4
4381,6
4382,2
4383,3
4384,3
4385,4
4386,3
4387,5
4388,2
4389,2
4390,2
4391,3
4392,6
4393,3
4394,3
4395,6
4396,3
4397,0
4398,5
4399,3
4400,3
4401,0
4402,6
4403,6
4404,2
4405,2
4406,0
4407,2
4408,3
4409,2
4410,3
4411,0
4412,0
4413,6
4414,3
4415,3
4416,2
4417,3
4418,3
4419,0
4420,2
4421,5
4422,6
4423,0
4424,6
4425,3
4426,3
4427,3
4428,2
4429,4
4430,3
4431,2
4432,6
4433,3
4434,5
4435,5
4436,3
4437,2
4438,3
4439,5
4440,0
4441,3
4442,6
4443,3
4444,4
4445,3
4446,4
4447,4
4448,5
4449,4
4450,5
4451,6
4452,0
4453,3
4454,2
4455,4
4456,3
4457,2
4458,3
4459,3
4460,3
4461,2
4462,0
4463,2
4464,6
4465,1
4466,3
4467,3
4468,3
4469,5
4470,4
4471,4
4472,6
4473,6
4474,3
4475,3
4476,5
4477,6
4478,4
4479,6
4480,3
4481,5
4482,0
4483,2
4484,5
4485,4
4486,3
4487,4
4488,6
4489,4
4490,3
4491,4
4492,4
4493,3
4494,4
4495,3
4496,2
4497,3
4498,0
4499,3
4500,0
4501,0
4502,0
4503,5
4504,3
4505,6
4506,6
4507,2
4508,3
4509,2
4510,2
4511,2
4512,3
4513,2
4514,6
4515,2
4516,0
4517,3
4518,5
4519,6
4520,3
4521,3
4522,3
4523,6
4524,5
4525,4
4526,4
4527,6
4528,5
4529,6
4530,2
4531,4
4532,2
4533,5
4534,5
4535,0
4536,2
4537,5
4538,3
4539,4
4540,5
4541,6
4542,3
4543,5
4544,3
4545,2
4546,4
4547,6
4548,0
4549,2
4550,6
4551,2
4552,0
4553,3
4554,6
4555,3
4556,4
4557,6
4558,3
4559,3
4560,3
4561,5
4562,4
4563,3
4564,6
4565,6
4566,3
4567,3
4568,0
4569,3
4570,3
4571,0
4572,4
4573,4
4574,6
4575,3
4576,1
4577,6
4578,6
4579,2
4580,3
4581,2
4582,5
4583,4
4584,6
4585,3
4586,2
4587,0
4588,3
4589,3
4590,3
4591,2
4592,3
4593,2
4594,3
4595,0
4596,2
4597,6
4598,5
4599,4
4600,0
4601,6
4602,6
4603,6
4604,6
4605,5
4606,5
4607,6
4608,5
4609,6
4610,5
4611,3
4612,3
4613,0
4614,3
4615,3
4616,5
4617,6
4618,5
4619,4
4620,0
4621,5
4622,6
4623,6
4624,5
4625,2
4626,4
4627,5
4628,6
4629,4
4630,3
4631,6
4632,3
4633,3
4634,3
4635,3
4636,0
4637,5
4638,6
4639,3
4640,2
4641,4
4642,2
4643,6
4644,0
4645,6
4646,2
4647,2
4648,2
4649,3
4650,2
4651,2
4652,3
4653,6
4654,0
4655,2
4656,5
4657,0
4658,3
4659,3
4660,3
4661,4
4662,6
4663,2
4664,0
4665,4
4666,5
4667,3
4668,5
4669,6
4670,5
4671,4
4672,2
4673,6
4674,2
4675,4
4676,2
4677,5
4678,3
4679,1
4680,0
4681,5
4682,4
4683,3
4684,3
4685,5
4686,2
4687,6
4688,4
4689,4
4690,2
4691,4
4692,3
4693,0
4694,5
4695,6
4696,6
4697,6
4698,4
4699,3
4700,2
4701,4
4702,0
4703,3
4704,4
4705,3
4706,6
4707,3
4708,6
4709,4
4710,6
4711,5
4712,4
4713,6
4714,2
4715,3
4716,6
4717,6
4718,5
4719,2
4720,6
4721,5
4722,5
4723,5
4724,4
4725,0
4726,6
4727,6
4728,4
4729,6
4730,6
4731,5
4732,2
4733,3
4734,2
4735,4
4736,2
4737,0
4738,2
4739,4
4740,0
4741,2
4742,3
4743,3
4744,6
4745,5
4746,4
4747,2
4748,2
4749,4
4750,2
4751,0
4752,3
4753,5
4754,4
4755,3
4756,3
4757,3
4758,2
4759,0
4760,6
4761,4
4762,3
4763,6
4764,3
4765,2
4766,3
4767,6
4768,3
4769,4
4770,3
4771,3
4772,3
4773,4
4774,6
4775,5
4776,5
4777,3
4778,4
4779,6
4780,2
4781,6
4782,4
4783,3
4784,2
4785,4
4786,0
4787,6
4788,4
4789,2
4790,2
4791,2
4792,5
4793,5
4794,3
4795,6
4796,3
4797,4
4798,2
4799,3
4800,3
4801,0
4802,2
4803,5
4804,4
4805,3
4806,0
4807,4
4808,4
4809,4
4810,3
4811,2
4812,0
4813,6
4814,4
4815,4
4816,3
4817,3
4818,6
4819,3
4820,4
4821,0
4822,3
4823,3
4824,3
4825,3
4826,4
4827,2
4828,2
4829,0
4830,4
4831,0
4832,3
4833,3
4834,0
4835,1
4836,3
4837,4
4838,5
4839,4
4840,2
4841,4
4842,5
4843,3
4844,3
4845,5
4846,6
4847,3
4848,4
4849,2
4850,2
4851,6
4852,6
4853,1
4854,3
4855,6
4856,3
4857,3
4858,4
4859,5
4860,3
4861,5
4862,3
4863,2
4864,4
4865,0
4866,3
4867,4
4868,3
4869,6
4870,2
4871,0
4872,2
4873,0
4874,5
4875,2
4876,0
4877,0
4878,6
4879,2
4880,0
4881,2
4882,6
4883,4
4884,6
4885,5
4886,4
4887,4
4888,5
4889,2
4890,4
4891,4
4892,6
4893,0
4894,5
4895,4
4896,6
4897,2
4898,4
4899,6
4900,3
4901,4
4902,3
4903,2
4904,6
4905,2
4906,4
4907,5
4908,6
4909,4
4910,4
4911,3
4912,6
4913,4
4914,0
4915,2
4916,5
4917,6
4918,5
4919,6
4920,4
4921,2
4922,3
4923,5
4924,5
4925,0
4926,3
4927,3
4928,3
4929,6
4930,4
4931,6
4932,4
4933,3
4934,6
4935,3
4936,2
4937,5
4938,4
4939,0
4940,0
4941,2
4942,0
4943,2
4944,5
4945,3
4946,0
4947,3
4948,6
4949,3
4950,0
4951,6
4952,3
4953,2
4954,3
4955,4
4956,4
4957,3
4958,0
4959,2
4960,6
4961,3
4962,0
4963,0
4964,6
4965,0
4966,5
4967,3
4968,3
4969,5
4970,5
4971,4
4972,6
4973,0
4974,0
4975,3
4976,6
4977,3
4978,4
4979,6
4980,3
4981,4
4982,3
4983,4
4984,3
4985,4
4986,6
4987,3
4988,1
4989,2
4990,2
4991,6
4992,3
4993,4
4994,0
4995,6
4996,3
4997,6
4998,0
4999,4
5000,6
5001,5
5002,5
5003,3
5004,2
5005,6
5006,6
5007,3
5008,0
5009,6
5010,6
5011,3
5012,2
5013,3
5014,2
5015,3
5016,6
5017,0
5018,0
5019,3
5020,6
5021,0
5022,4
5023,3
5024,6
5025,6
5026,5
5027,4
5028,4
5029,2
5030,2
5031,2
5032,6
5033,3
5034,3
5035,0
5036,4
5037,0
5038,5
5039,0
5040,2
5041,4
5042,3
5043,4
5044,4
5045,6
5046,4
5047,5
5048,3
5049,6
5050,6
5051,5
5052,4
5053,3
5054,0
5055,0
5056,1
5057,6
5058,0
5059,6
5060,6
5061,3
5062,3
5063,1
5064,2
5065,2
5066,2
5067,4
5068,4
5069,4
5070,4
5071,6
5072,4
5073,6
5074,4
5075,2
5076,1
5077,6
5078,6
5079,6
5080,4
5081,5
5082,0
5083,0
5084,6
5085,4
5086,6
5087,0
5088,0
5089,4
5090,3
5091,3
5092,6
5093,2
5094,3
5095,6
5096,5
5097,2
5098,4
5099,6
5100,3
5101,0
5102,5
5103,0
5104,5
5105,4
5106,3
5107,5
5108,6
5109,3
5110,3
5111,6
5112,1
5113,6
5114,4
5115,6
5116,6
5117,5
5118,3
5119,2
5120,5
5121,0
5122,4
5123,5
5124,5
5125,6
5126,2
5127,2
5128,3
5129,5
5130,4
5131,3
5132,4
5133,3
5134,3
5135,3
5136,3
5137,6
5138,4
5139,1
5140,4
5141,6
5142,2
5143,3
5144,5
5145,3
5146,3
5147,4
5148,6
5149,3
5150,6
5151,5
5152,3
5153,6
5154,3
5155,6
5156,4
5157,6
5158,5
5159,3
5160,3
5161,6
5162,6
5163,6
5164,6
5165,2
5166,3
5167,6
5168,6
5169,3
5170,3
5171,5
5172,6
5173,4
5174,3
5175,5
5176,2
5177,4
5178,5
5179,4
5180,3
5181,6
5182,0
5183,3
5184,0
5185,6
5186,4
5187,3
5188,6
5189,0
5190,3
5191,4
5192,6
5193,6
5194,6
5195,3
5196,3
5197,4
5198,3
5199,2
5200,5
5201,6
5202,5
5203,5
5204,4
5205,2
5206,6
5207,3
5208,3
5209,3
5210,4
5211,2
5212,3
5213,3
5214,2
5215,0
5216,0
5217,3
5218,6
5219,3
5220,4
5221,2
5222,2
5223,5
5224,3
5225,3
5226,0
5227,5
5228,6
5229,6
5230,3
5231,6
5232,3
5233,0
5234,2
5235,5
5236,3
5237,2
5238,3
5239,3
5240,3
5241,3
5242,6
5243,4
5244,6
5245,6
5246,3
5247,6
5248,4
5249,2
5250,4
5251,3
5252,0
5253,2
5254,6
5255,5
5256,3
5257,6
5258,5
5259,5
5260,0
5261,4
5262,1
5263,2
5264,4
5265,0
5266,1
5267,4
5268,6
5269,0
5270,0
5271,2
5272,3
5273,3
5274,0
5275,6
5276,3
5277,4
5278,0
5279,6
5280,0
5281,0
5282,2
5283,3
5284,6
5285,5
5286,6
5287,1
5288,0
5289,5
5290,0
5291,3
5292,5
5293,4
5294,0
5295,3
5296,0
5297,5
5298,3
5299,5
5300,6
5301,5
5302,2
5303,2
5304,2
5305,4
5306,3
5307,3
5308,5
5309,6
5310,6
5311,3
5312,4
5313,6
5314,0
5315,0
5316,2
5317,5
5318,2
5319,3
5320,0
5321,3
5322,5
5323,6
5324,4
5325,3
5326,5
5327,3
5328,0
5329,6
5330,3
5331,5
5332,4
5333,3
5334,3
5335,3
5336,3
5337,2
5338,3
5339,6
5340,5
5341,3
5342,3
5343,4
5344,5
5345,3
5346,3
5347,3
5348,0
5349,3
5350,6
5351,6
5352,4
5353,6
5354,3
5355,2
5356,0
5357,3
5358,3
5359,4
5360,1
5361,4
5362,2
5363,0
5364,5
5365,1
5366,2
5367,2
5368,4
5369,6
5370,4
5371,0
5372,2
5373,4
5374,6
5375,3
5376,3
5377,0
5378,0
5379,5
5380,5
5381,2
5382,3
5383,3
5384,2
5385,6
5386,3
5387,2
5388,5
5389,2
5390,3
5391,4
5392,2
5393,2
5394,3
5395,6
5396,5
5397,4
5398,0
5399,3
5400,5
5401,3
5402,6
5403,5
5404,2
5405,5
5406,5
5407,0
5408,0
5409,4
5410,3
5411,3
5412,4
5413,2
5414,4
5415,6
5416,4
5417,2
5418,1
5419,2
5420,3
5421,3
5422,2
5423,4
5424,3
5425,0
5426,3
5427,4
5428,5
5429,2
5430,0
5431,6
5432,5
5433,6
5434,0
5435,2
5436,5
5437,3
5438,5
5439,6
5440,0
5441,0
5442,3
5443,2
5444,3
5445,6
5446,4
5447,6
5448,0
5449,6
5450,6
5451,3
5452,2
5453,6
5454,5
5455,3
5456,2
5457,4
5458,4
5459,4
5460,6
5461,5
5462,3
5463,6
5464,2
5465,3
5466,3
5467,3
5468,4
5469,0
5470,0
5471,5
5472,2
5473,2
5474,3
5475,6
5476,0
5477,5
5478,3
5479,5
5480,6
5481,5
5482,2
5483,6
5484,3
5485,6
5486,6
5487,6
5488,6
5489,4
5490,3
5491,6
5492,4
5493,2
5494,3
5495,3
5496,0
5497,6
5498,3
5499,0
5500,4
5501,3
5502,6
5503,3
5504,5
5505,2
5506,0
5507,3
5508,3
5509,2
5510,6
5511,3
5512,0
5513,4
5514,0
5515,2
5516,2
5517,0
5518,3
5519,5
5520,6
5521,5
5522,6
5523,6
5524,5
5525,4
5526,3
5527,2
5528,2
5529,5
5530,0
5531,5
5532,0
5533,4
5534,6
5535,3
5536,3
5537,3
5538,4
5539,2
5540,3
5541,2
5542,4
5543,4
5544,2
5545,2
5546,1
5547,3
5548,3
5549,3
5550,0
5551,2
5552,3
5553,6
5554,6
5555,6
5556,3
5557,3
5558,0
5559,0
5560,2
5561,3
5562,5
5563,6
5564,3
5565,0
5566,3
5567,5
5568,0
5569,3
5570,6
5571,3
5572,3
5573,3
5574,3
5575,4
5576,4
5577,2
5578,6
5579,6
5580,5
5581,6
5582,2
5583,5
5584,6
5585,3
5586,3
5587,3
5588,0
5589,6
5590,5
5591,6
5592,2
5593,3
5594,3
5595,3
5596,0
5597,0
5598,6
5599,5
5600,6
5601,6
5602,6
5603,6
5604,6
5605,3
5606,2
5607,3
5608,3
5609,3
5610,2
5611,2
5612,0
5613,6
5614,6
5615,4
5616,6
5617,2
5618,3
5619,2
5620,3
5621,3
5622,5
5623,3
5624,0
5625,0
5626,6
5627,6
5628,2
5629,0
5630,4
5631,4
5632,5
5633,6
5634,6
5635,6
5636,3
5637,2
5638,3
5639,3
5640,0
5641,2
5642,2
5643,2
5644,4
5645,3
5646,3
5647,0
5648,0
5649,4
5650,4
5651,0
5652,2
5653,3
5654,6
5655,4
5656,4
5657,5
5658,6
5659,3
5660,3
5661,5
5662,3
5663,2
5664,3
5665,4
5666,4
5667,3
5668,6
5669,3
5670,3
5671,6
5672,0
5673,3
5674,2
5675,0
5676,6
5677,0
5678,3
5679,6
5680,6
5681,0
5682,2
5683,3
5684,3
5685,5
5686,3
5687,5
5688,2
5689,3
5690,6
5691,6
5692,5
5693,6
5694,3
5695,6
5696,3
5697,0
5698,6
5699,3
5700,4
5701,3
5702,5
5703,3
5704,3
5705,0
5706,4
5707,2
5708,5
5709,0
5710,6
5711,6
5712,2
5713,3
5714,6
5715,1
5716,2
5717,6
5718,2
5719,0
5720,6
5721,3
5722,3
5723,3
5724,1
5725,4
5726,3
5727,3
5728,3
5729,3
5730,0
5731,5
5732,3
5733,3
5734,4
5735,6
5736,4
5737,3
5738,0
5739,6
5740,2
5741,3
5742,2
5743,2
5744,5
5745,3
5746,6
5747,6
5748,3
5749,4
5750,5
5751,4
5752,0
5753,3
5754,2
5755,3
5756,3
5757,2
5758,3
5759,0
5760,3
5761,3
5762,0
5763,3
5764,5
5765,6
5766,6
5767,4
5768,4
5769,4
5770,4
5771,3
5772,4
5773,6
5774,4
5775,3
5776,4
5777,2
5778,2
5779,3
5780,3
5781,2
5782,3
5783,4
5784,4
5785,5
5786,2
5787,5
5788,5
5789,3
5790,3
5791,5
5792,2
5793,6
5794,6
5795,6
5796,0
5797,0
5798,2
5799,4
5800,4
5801,5
5802,3
5803,6
5804,0
5805,6
5806,3
5807,2
5808,6
5809,4
5810,6
5811,0
5812,3
5813,4
5814,3
5815,6
5816,4
5817,3
5818,6
5819,3
5820,3
5821,6
5822,6
5823,3
5824,4
5825,4
5826,0
5827,0
5828,2
5829,4
5830,4
5831,6
5832,4
5833,4
5834,3
5835,3
5836,0
5837,5
5838,5
5839,4
5840,2
5841,3
5842,4
5843,3
5844,0
5845,3
5846,3
5847,0
5848,3
5849,5
5850,3
5851,4
5852,6
5853,2
5854,6
5855,2
5856,3
5857,5
5858,3
5859,3
5860,5
5861,3
5862,6
5863,3
5864,4
5865,6
5866,3
5867,2
5868,0
5869,2
5870,2
5871,0
5872,3
5873,0
5874,6
5875,0
5876,4
5877,3
5878,0
5879,3
5880,6
5881,0
5882,3
5883,2
5884,0
5885,5
5886,4
5887,6
5888,0
5889,4
5890,6
5891,3
5892,3
5893,0
5894,3
5895,6
5896,6
5897,0
5898,5
5899,3
5900,3
5901,0
5902,0
5903,5
5904,6
5905,6
5906,3
5907,0
5908,0
5909,3
5910,3
5911,4
5912,0
5913,3
5914,1
5915,0
5916,0
5917,4
5918,2
5919,0
5920,4
5921,0
5922,6
5923,0
5924,0
5925,4
5926,4
5927,6
5928,6
5929,3
5930,3
5931,4
5932,2
5933,5
5934,6
5935,4
5936,3
5937,3
5938,6
5939,5
5940,5
5941,3
5942,3
5943,6
5944,3
5945,2
5946,6
5947,5
5948,2
5949,6
5950,3
5951,2
5952,2
5953,4
5954,3
5955,6
5956,5
5957,4
5958,4
5959,0
5960,6
5961,3
5962,4
5963,6
5964,2
5965,6
5966,5
5967,2
5968,0
5969,4
5970,4
5971,6
5972,5
5973,3
5974,6
5975,3
5976,4
5977,2
5978,0
5979,1
5980,5
5981,3
5982,3
5983,3
5984,6
5985,3
5986,0
5987,3
5988,3
5989,2
5990,0
5991,2
5992,0
5993,5
5994,3
5995,5
5996,3
5997,4
5998,5
5999,4
6000,6
6001,3
6002,5
6003,5
6004,3
6005,0
6006,0
6007,4
6008,3
6009,2
6010,6
6011,0
6012,3
6013,5
6014,5
6015,2
6016,3
6017,5
6018,3
6019,6
6020,6
6021,4
6022,2
6023,6
6024,4
6025,4
6026,2
6027,2
6028,3
6029,3
6030,5
6031,6
6032,6
6033,6
6034,3
6035,5
6036,4
6037,4
6038,3
6039,3
6040,3
6041,2
6042,0
6043,6
6044,4
6045,3
6046,3
6047,5
6048,3
6049,5
6050,6
6051,3
6052,3
6053,3
6054,4
6055,6
6056,4
6057,3
6058,4
6059,5
6060,3
6061,6
6062,2
6063,3
6064,3
6065,3
6066,3
6067,2
6068,3
6069,5
6070,6
6071,2
6072,1
6073,0
6074,6
6075,3
6076,4
6077,0
6078,3
6079,5
6080,4
6081,2
6082,0
6083,3
6084,3
6085,0
6086,5
6087,6
6088,5
6089,6
6090,5
6091,4
6092,5
6093,6
6094,4
6095,6
6096,6
6097,5
6098,0
6099,0
6100,5
6101,0
6102,4
6103,5
6104,3
6105,5
6106,6
6107,3
6108,5
6109,4
6110,2
6111,3
6112,4
6113,4
6114,3
6115,2
6116,5
6117,3
6118,5
6119,0
6120,3
6121,3
6122,4
6123,0
6124,3
6125,2
6126,2
6127,4
6128,3
6129,4
6130,6
6131,4
6132,3
6133,3
6134,0
6135,5
6136,5
6137,3
6138,6
6139,3
6140,2
6141,4
6142,2
6143,6
6144,0
6145,2
6146,6
6147,3
6148,4
6149,3
6150,4
6151,2
6152,0
6153,3
6154,3
6155,0
6156,3
6157,4
6158,4
6159,3
6160,6
6161,0
6162,6
6163,3
6164,2
6165,6
6166,3
6167,6
6168,5
6169,0
6170,2
6171,5
6172,3
6173,2
6174,3
6175,3
6176,3
6177,6
6178,2
6179,0
6180,3
6181,1
6182,3
6183,5
6184,3
6185,3
6186,3
6187,4
6188,0
6189,6
6190,5
6191,4
6192,3
6193,3
6194,2
6195,6
6196,5
6197,4
6198,6
6199,3
6200,2
6201,3
6202,6
6203,6
6204,4
6205,4
6206,3
6207,6
6208,3
6209,4
6210,0
6211,2
6212,0
6213,3
6214,3
6215,5
6216,6
6217,2
6218,5
6219,6
6220,3
6221,2
6222,6
6223,3
6224,6
6225,5
6226,3
6227,6
6228,3
6229,6
6230,2
6231,5
6232,4
6233,0
6234,6
6235,6
6236,0
6237,4
6238,4
6239,1
6240,1
6241,3
6242,0
6243,3
6244,3
6245,4
6246,4
6247,4
6248,5
6249,5
6250,1
6251,5
6252,0
6253,3
6254,4
6255,4
6256,0
6257,3
6258,6
6259,0
6260,2
6261,3
6262,6
6263,0
6264,4
6265,3
6266,2
6267,3
6268,5
6269,6
6270,2
6271,6
6272,4
6273,2
6274,4
6275,4
6276,5
6277,6
6278,5
6279,2
6280,2
6281,6
6282,5
6283,2
6284,6
6285,6
6286,6
6287,3
6288,6
6289,5
6290,4
6291,3
6292,3
6293,3
6294,5
6295,2
6296,4
6297,0
6298,4
6299,3
6300,4
6301,4
6302,4
6303,6
6304,0
6305,0
6306,0
6307,1
6308,3
6309,6
6310,2
6311,4
6312,0
6313,4
6314,2
6315,3
6316,6
6317,6
6318,4
6319,3
6320,0
6321,5
6322,6
6323,0
6324,5
6325,0
6326,6
6327,3
6328,5
6329,6
6330,2
6331,4
6332,0
6333,0
6334,3
6335,4
6336,2
6337,0
6338,2
6339,3
6340,0
6341,5
6342,3
6343,6
6344,3
6345,4
6346,3
6347,4
6348,4
6349,3
6350,4
6351,0
6352,5
6353,0
6354,3
6355,5
6356,0
6357,3
6358,6
6359,3
6360,4
6361,0
6362,6
6363,4
6364,6
6365,0
6366,3
6367,6
6368,5
6369,4
6370,6
6371,2
6372,2
6373,6
6374,2
6375,5
6376,6
6377,0
6378,3
6379,5
6380,0
6381,3
6382,3
6383,4
6384,0
6385,0
6386,5
6387,2
6388,3
6389,2
6390,4
6391,2
6392,6
6393,3
6394,0
6395,3
6396,6
6397,4
6398,6
6399,3
6400,6
6401,6
6402,6
6403,4
6404,6
6405,4
6406,4
6407,0
6408,2
6409,3
6410,5
6411,1
6412,4
6413,5
6414,1
6415,0
6416,6
6417,2
6418,6
6419,4
6420,2
6421,6
6422,5
6423,4
6424,3
6425,3
6426,2
6427,0
6428,2
6429,6
6430,5
6431,3
6432,6
6433,3
6434,3
6435,2
6436,5
6437,0
6438,0
6439,6
6440,2
6441,3
6442,5
6443,2
6444,5
6445,3
6446,5
6447,4
6448,4
6449,6
6450,4
6451,3
6452,2
6453,0
6454,0
6455,3
6456,5
6457,4
6458,6
6459,6
6460,0
6461,3
6462,0
6463,3
6464,3
6465,0
6466,5
6467,5
6468,6
6469,3
6470,4
6471,4
6472,3
6473,3
6474,3
6475,4
6476,2
6477,6
6478,2
6479,4
6480,5
6481,4
6482,0
6483,6
6484,2
6485,0
6486,5
6487,4
6488,5
6489,3
6490,4
6491,3
6492,3
6493,5
6494,2
6495,6
6496,4
6497,6
6498,5
6499,3
6500,6
6501,3
6502,4
6503,5
6504,5
6505,3
6506,6
6507,3
6508,6
6509,6
6510,4
6511,5
6512,6
6513,5
6514,3
6515,4
6516,6
6517,3
6518,4
6519,5
6520,2
6521,6
6522,2
6523,6
6524,6
6525,4
6526,6
6527,6
6528,4
6529,5
6530,2
6531,3
6532,4
6533,2
6534,3
6535,0
6536,5
6537,0
6538,5
6539,3
6540,0
6541,5
6542,2
6543,2
6544,3
6545,3
6546,6
6547,4
6548,3
6549,2
6550,3
6551,4
6552,6
6553,0
6554,4
6555,2
6556,5
6557,3
6558,2
6559,0
6560,4
6561,2
6562,0
6563,4
6564,4
6565,4
6566,5
6567,2
6568,5
6569,0
6570,0
6571,6
6572,5
6573,5
6574,4
6575,3
6576,2
6577,5
6578,0
6579,3
6580,5
6581,2
6582,2
6583,3
6584,0
6585,3
6586,0
6587,3
6588,1
6589,4
6590,3
6591,3
6592,6
6593,3
6594,4
6595,4
6596,3
6597,5
6598,6
6599,0
6600,3
6601,6
6602,3
6603,0
6604,0
6605,0
6606,4
6607,2
6608,5
6609,4
6610,2
6611,2
6612,3
6613,3
6614,2
6615,6
6616,3
6617,2
6618,0
6619,0
6620,0
6621,0
6622,2
6623,2
6624,6
6625,5
6626,2
6627,6
6628,0
6629,6
6630,2
6631,3
6632,3
6633,4
6634,3
6635,3
6636,3
6637,6
6638,3
6639,2
6640,2
6641,5
6642,3
6643,2
6644,3
6645,0
6646,3
6647,5
6648,6
6649,5
6650,3
6651,4
6652,5
6653,3
6654,2
6655,2
6656,3
6657,6
6658,6
6659,3
6660,0
6661,3
6662,3
6663,3
6664,3
6665,6
6666,2
6667,4
6668,1
6669,3
6670,6
6671,4
6672,4
6673,3
6674,4
6675,6
6676,5
6677,2
6678,4
6679,5
6680,5
6681,3
6682,5
6683,1
6684,6
6685,4
6686,6
6687,6
6688,4
6689,2
6690,2
6691,5
6692,6
6693,0
6694,2
6695,2
6696,3
6697,4
6698,1
6699,0
6700,6
6701,0
6702,4
6703,6
6704,3
6705,2
6706,6
6707,6
6708,0
6709,6
6710,2
6711,2
6712,3
6713,4
6714,3
6715,0
6716,6
6717,0
6718,3
6719,2
6720,5
6721,4
6722,6
6723,4
6724,5
6725,5
6726,0
6727,3
6728,4
6729,4
6730,4
6731,0
6732,3
6733,4
6734,6
6735,3
6736,0
6737,5
6738,6
6739,0
6740,4
6741,3
6742,6
6743,4
6744,3
6745,2
6746,4
6747,2
6748,6
6749,4
6750,5
6751,3
6752,2
6753,5
6754,4
6755,4
6756,6
6757,5
6758,4
6759,3
6760,5
6761,0
6762,2
6763,2
6764,4
6765,3
6766,3
6767,2
6768,6
6769,6
6770,6
6771,2
6772,2
6773,3
6774,4
6775,0
6776,6
6777,4
6778,0
6779,6
6780,4
6781,0
6782,2
6783,2
6784,3
6785,6
6786,3
6787,2
6788,4
6789,3
6790,5
6791,3
6792,0
6793,3
6794,0
6795,6
6796,0
6797,5
6798,0
6799,6
6800,3
6801,4
6802,4
6803,5
6804,4
6805,5
6806,0
6807,4
6808,2
6809,3
6810,3
6811,3
6812,4
6813,3
6814,0
6815,4
6816,5
6817,2
6818,3
6819,2
6820,3
6821,3
6822,3
6823,5
6824,4
6825,4
6826,0
6827,6
6828,3
6829,2
6830,2
6831,1
6832,5
6833,2
6834,4
6835,4
6836,0
6837,3
6838,6
6839,3
6840,3
6841,2
6842,4
6843,4
6844,3
6845,6
6846,0
6847,3
6848,0
6849,4
6850,3
6851,3
6852,0
6853,2
6854,2
6855,4
6856,3
6857,0
6858,3
6859,4
6860,5
6861,0
6862,5
6863,4
6864,0
6865,4
6866,6
6867,2
6868,6
6869,2
6870,3
6871,3
6872,1
6873,6
6874,3
6875,0
6876,6
6877,2
6878,5
6879,3
6880,6
6881,3
6882,3
6883,4
6884,5
6885,6
6886,2
6887,6
6888,3
6889,2
6890,3
6891,6
6892,4
6893,5
6894,3
6895,3
6896,3
6897,6
6898,2
6899,0
6900,5
6901,2
6902,2
6903,0
6904,2
6905,3
6906,3
6907,4
6908,5
6909,5
6910,0
6911,0
6912,6
6913,2
6914,5
6915,6
6916,0
6917,3
6918,6
6919,2
6920,4
6921,2
6922,4
6923,6
6924,6
6925,2
6926,6
6927,3
6928,5
6929,6
6930,3
6931,6
6932,6
6933,4
6934,6
6935,2
6936,3
6937,0
6938,6
6939,3
6940,3
6941,0
6942,6
6943,0
6944,6
6945,3
6946,6
6947,4
6948,4
6949,4
6950,5
6951,2
6952,2
6953,1
6954,5
6955,4
6956,3
6957,0
6958,5
6959,2
6960,2
6961,6
6962,6
6963,4
6964,4
6965,6
6966,0
6967,3
6968,3
6969,3
6970,2
6971,6
6972,6
6973,0
6974,0
6975,2
6976,5
6977,3
6978,2
6979,3
6980,5
6981,6
6982,2
6983,6
6984,6
6985,2
6986,5
6987,5
6988,2
6989,2
6990,3
6991,4
6992,0
6993,3
6994,3
6995,4
6996,6
6997,6
6998,2
6999,3
7000,4
7001,0
7002,2
7003,2
7004,5
7005,3
7006,4
7007,3
7008,6
7009,5
7010,3
7011,3
7012,4
7013,0
7014,4
7015,4
7016,3
7017,6
7018,2
7019,4
7020,6
7021,6
7022,2
7023,6
7024,4
7025,3
7026,3
7027,4
7028,6
7029,3
7030,5
7031,3
7032,4
7033,6
7034,0
7035,2
7036,2
7037,6
7038,6
7039,6
7040,6
7041,3
7042,2
7043,6
7044,2
7045,4
7046,6
7047,6
7048,4
7049,5
7050,3
7051,3
7052,4
7053,4
7054,3
7055,0
7056,6
7057,6
7058,2
7059,3
7060,0
7061,3
7062,3
7063,3
7064,5
7065,0
7066,0
7067,6
7068,0
7069,0
7070,0
7071,4
7072,2
7073,6
7074,4
7075,0
7076,4
7077,5
7078,1
7079,3
7080,0
7081,6
7082,5
7083,6
7084,3
7085,2
7086,3
7087,0
7088,5
7089,6
7090,5
7091,0
7092,0
7093,3
7094,6
7095,3
7096,3
7097,0
7098,4
7099,6
7100,4
7101,6
7102,0
7103,6
7104,4
7105,6
7106,3
7107,0
7108,3
7109,0
7110,5
7111,6
7112,4
7113,0
7114,4
7115,5
7116,3
7117,4
7118,2
7119,5
7120,0
7121,5
7122,4
7123,4
7124,2
7125,5
7126,3
7127,2
7128,3
7129,3
7130,0
7131,3
7132,6
7133,1
7134,0
7135,3
7136,2
7137,0
7138,3
7139,3
7140,5
7141,0
7142,3
7143,0
7144,0
7145,6
7146,0
7147,4
7148,3
7149,5
7150,5
7151,6
7152,3
7153,6
7154,6
7155,5
7156,4
7157,3
7158,6
7159,3
7160,2
7161,3
7162,0
7163,4
7164,4
7165,6
7166,3
7167,5
7168,3
7169,4
7170,3
7171,6
7172,5
7173,0
7174,6
7175,3
7176,0
7177,3
7178,4
